,isrc
0,192.168.229.254
1,192.168.202.79
2,192.168.229.251
3,192.168.229.153
4,192.168.215.1
5,192.168.202.100
6,192.168.27.25
7,192.168.205.1
8,192.168.202.101
9,192.168.204.1
10,192.168.202.76
11,192.168.27.103
12,192.168.229.1
13,192.168.27.253
14,192.168.202.1
15,192.168.27.152
16,192.168.27.102
17,192.168.27.203
18,192.168.212.1
19,192.168.27.101
20,192.168.27.202
21,192.168.216.1
22,192.168.219.1
23,192.168.228.1
24,192.168.211.1
25,192.168.227.1
26,192.168.220.1
27,192.168.207.1
28,192.168.206.1
29,192.168.201.1
30,192.168.214.1
31,192.168.202.89
32,192.168.213.1
33,192.168.208.1
34,192.168.217.1
35,192.168.218.1
36,192.168.21.203
37,192.168.202.68
38,192.168.202.102
39,192.168.202.93
40,192.168.27.1
41,192.168.203.1
42,192.168.28.254
43,192.168.23.253
44,192.168.202.91
45,192.168.205.253
46,192.168.1.254
47,192.168.229.156
48,192.168.202.97
49,192.168.202.80
50,192.168.202.71
51,192.168.202.85
52,192.168.202.77
53,192.168.23.254
54,192.168.26.254
55,192.168.207.4
56,192.168.229.252
57,192.168.229.101
58,192.168.26.253
59,192.168.202.81
60,192.168.208.18
61,192.168.202.87
62,192.168.25.202
63,192.168.202.92
64,192.168.25.203
65,192.168.25.101
66,192.168.204.69
67,192.168.202.65
68,192.168.204.57
69,192.168.28.253
70,192.168.202.94
71,192.168.25.102
72,192.168.202.88
73,192.168.202.84
74,192.168.204.59
75,192.168.202.78
76,192.168.227.83
77,172.19.2.66
78,192.168.169.129
79,0.0.0.0
80,192.168.21.103
81,192.168.21.25
82,192.168.202.103
83,192.168.21.253
84,192.168.203.61
85,192.168.202.95
86,192.168.204.70
87,192.168.202.90
88,192.168.23.25
89,192.168.28.102
90,192.168.203.62
91,192.168.204.60
92,192.168.202.83
93,192.168.206.44
94,192.168.202.75
95,192.168.23.100
96,192.168.28.1
97,192.168.28.25
98,192.168.28.103
99,192.168.28.100
100,192.168.28.152
101,192.168.28.202
102,192.168.28.203
103,192.168.28.252
104,192.168.28.101
105,192.168.22.254
106,192.168.23.103
107,192.168.202.106
108,192.168.204.45
109,192.168.202.74
110,192.168.21.254
111,192.168.202.107
112,192.168.23.152
113,192.168.202.110
114,192.168.22.25
115,192.168.26.25
116,192.168.25.25
117,192.168.24.25
118,192.168.202.108
119,192.168.22.100
120,192.168.21.100
121,192.168.27.100
122,192.168.26.100
123,192.168.24.100
124,192.168.202.73
125,192.168.21.1
126,192.168.21.101
127,192.168.21.102
128,192.168.21.152
129,192.168.21.202
130,192.168.21.252
131,192.168.22.1
132,192.168.22.101
133,192.168.22.102
134,192.168.22.103
135,192.168.22.152
136,192.168.22.202
137,192.168.22.203
138,192.168.202.96
139,192.168.22.252
140,192.168.22.253
141,192.168.23.1
142,192.168.23.101
143,192.168.23.102
144,192.168.23.202
145,192.168.23.203
146,192.168.23.252
147,192.168.24.1
148,192.168.24.101
149,192.168.24.102
150,192.168.24.103
151,192.168.24.152
152,192.168.24.202
153,192.168.24.203
154,192.168.24.252
155,192.168.24.253
156,192.168.25.1
157,192.168.25.100
158,192.168.25.103
159,192.168.25.152
160,192.168.202.109
161,192.168.203.45
162,192.168.202.57
163,192.168.25.252
164,192.168.25.253
165,192.168.26.1
166,192.168.26.101
167,192.168.26.102
168,192.168.26.103
169,192.168.26.152
170,192.168.26.202
171,192.168.26.203
172,192.168.26.252
173,192.168.202.112
174,192.168.27.252
175,192.168.24.254
176,192.168.27.254
177,192.168.202.86
178,192.168.202.113
179,192.168.201.2
180,192.168.202.82
181,192.168.202.115
182,192.168.202.69
183,192.168.202.10
184,192.168.25.254
185,192.168.202.116
186,192.168.11.1
